distance_m,camera_height_m,azimuth_delta_deg,azimuth_error_m,tilt_delta_deg,tilt_error_m,roll_delta_deg,roll_error_m,hfov_delta_deg,hfov_error_m,height_delta_m,height_error_m,position_per_axis_delta_m,position_per_axis_error_m
500,15,0.1,0.8726645152352331,0.01,2.92853765170355,0.01,1.7662347493191972,0.01,1.0552733149065148,1,33.33333333333405,1,1.0000000000006253
500,35,0.1,0.8726645152352022,0.01,1.2559037960349428,0.01,0.7575801832578082,0.01,0.4535209388827752,1,14.285714285714562,1,1.000000000000341
500,100,0.1,0.8726645152352343,0.01,0.45418195865937605,0.01,0.27146884087419215,0.01,0.16418034109244672,1,5.000000000000284,1,1.0000000000002842
1000,15,0.1,1.7453290304704474,0.01,11.775156628813534,0.01,7.086572741041302,0.01,4.227160180117721,1,66.66666666666936,1,1.0000000000029559
1000,35,0.1,1.7453290304705058,0.01,5.017785675086088,0.01,3.027003109605829,0.01,1.8090824177962759,1,28.571428571430715,1,1.0000000000020464
1000,100,0.1,1.7453290304704818,0.01,1.7658645775470632,0.01,1.0639613639595582,0.01,0.6379789088501866,1,10.000000000000455,1,1.0000000000004547
2000,15,0.1,3.490658060940889,0.01,47.65368343307841,0.01,28.54515946229955,0.01,16.977538660702294,1,133.333333333346,1,1.0000000000136424
2000,35,0.1,3.490658060940969,0.01,20.153728259636864,0.01,12.136825394547103,0.01,7.242776175364952,1,57.142857142863704,1,1.0000000000065938
2000,100,0.1,3.490658060940802,0.01,7.023286265742627,0.01,4.2377960396408145,0.01,2.5345667570495607,1,20.000000000005002,1,1.0000000000050022
5000,15,0.1,8.726645152352456,0.01,308.8595500442543,0.01,182.30408366056025,0.01,107.47299647427462,1,333.33333333346945,1,1.0000000001464286
5000,35,0.1,8.726645152351978,0.01,127.86046523824643,0.01,76.53788216234084,0.01,45.50280895647211,1,142.8571428571613,1,1.00000000001819
5000,100,0.1,8.726645152352122,0.01,44.034962581044965,0.01,26.53095057586032,0.01,15.837890565255293,1,50.00000000002183,1,1.0000000000209184
10000,15,0.1,17.453290304703568,0.01,1316.7684299542852,0.01,756.8065364099299,0.01,439.3322702703863,1,666.6666666669589,1,1.0000000003128662
10000,35,0.1,17.453290304704197,0.01,524.8437622962156,0.01,310.9026115092346,0.01,183.67602031072965,1,285.71428571452634,1,1.0000000002492015
10000,100,0.1,17.453290304703742,0.01,177.65097472413981,0.01,106.66707062702889,0.01,63.533731983294274,1,100.00000000005639,1,1.0000000000563887
