pixel_threshold,min_change_ratio,confidence_threshold,iou_threshold,min_consecutive,max_detection_area,max_misses,num_sequences,num_positive_gt,num_negative_gt,tp,fp,fn,tn,tp_pct,fp_pct,fn_pct,tn_pct,precision,recall,f1,fpr,mean_ttd_seconds,median_ttd_seconds
7,0.001,0.01,0.1,4,,0,2933,1467,1466,1247,415,220,1051,85.0,28.31,15.0,71.69,0.7503,0.85,0.7971,0.2831,221.1,111.0
5,0.01,0.01,0.1,4,,0,2933,1467,1466,1248,419,219,1047,85.07,28.58,14.93,71.42,0.7487,0.8507,0.7964,0.2858,221.4,111.0
5,0.005,0.01,0.1,4,,0,2933,1467,1466,1251,425,216,1041,85.28,28.99,14.72,71.01,0.7464,0.8528,0.7961,0.2899,220.0,110.0
5,0.001,0.01,0.1,4,,0,2933,1467,1466,1252,427,215,1039,85.34,29.13,14.66,70.87,0.7457,0.8534,0.7959,0.2913,219.7,110.0
3,0.05,0.01,0.1,4,,0,2933,1467,1466,1249,426,218,1040,85.14,29.06,14.86,70.94,0.7457,0.8514,0.795,0.2906,220.0,110.0
5,0.02,0.01,0.1,4,,0,2933,1467,1466,1241,414,226,1052,84.59,28.24,15.41,71.76,0.7498,0.8459,0.795,0.2824,222.7,111.0
3,0.1,0.01,0.1,4,,0,2933,1467,1466,1240,416,227,1050,84.53,28.38,15.47,71.62,0.7488,0.8453,0.7941,0.2838,224.2,113.0
3,0.02,0.01,0.1,4,,0,2933,1467,1466,1252,436,215,1030,85.34,29.74,14.66,70.26,0.7417,0.8534,0.7937,0.2974,219.0,108.5
7,0.001,0.01,0.1,3,,0,2933,1467,1466,1317,535,150,931,89.78,36.49,10.22,63.51,0.7111,0.8978,0.7936,0.3649,159.4,60.0
7,0.005,0.01,0.1,3,,0,2933,1467,1466,1310,525,157,941,89.3,35.81,10.7,64.19,0.7139,0.893,0.7935,0.3581,163.3,60.0
7,0.005,0.01,0.1,4,,0,2933,1467,1466,1234,410,233,1056,84.12,27.97,15.88,72.03,0.7506,0.8412,0.7933,0.2797,223.6,112.0
3,0.01,0.01,0.1,4,,0,2933,1467,1466,1252,439,215,1027,85.34,29.95,14.66,70.05,0.7404,0.8534,0.7929,0.2995,219.0,108.5
5,0.01,0.01,0.1,3,,0,2933,1467,1466,1318,540,149,926,89.84,36.83,10.16,63.17,0.7094,0.8984,0.7928,0.3683,159.4,60.0
3,0.005,0.01,0.1,4,,0,2933,1467,1466,1252,440,215,1026,85.34,30.01,14.66,69.99,0.74,0.8534,0.7927,0.3001,219.0,108.5
3,0.001,0.01,0.1,4,,0,2933,1467,1466,1252,441,215,1025,85.34,30.08,14.66,69.92,0.7395,0.8534,0.7924,0.3008,219.0,108.5
5,0.005,0.01,0.1,3,,0,2933,1467,1466,1321,548,146,918,90.05,37.38,9.95,62.62,0.7068,0.9005,0.792,0.3738,157.8,60.0
5,0.05,0.01,0.1,4,,0,2933,1467,1466,1222,397,245,1069,83.3,27.08,16.7,72.92,0.7548,0.833,0.792,0.2708,229.5,114.0
5,0.02,0.01,0.1,3,,0,2933,1467,1466,1311,533,156,933,89.37,36.36,10.63,63.64,0.711,0.8937,0.7919,0.3636,160.6,60.0
7,0.01,0.01,0.1,4,,0,2933,1467,1466,1225,403,242,1063,83.5,27.49,16.5,72.51,0.7525,0.835,0.7916,0.2749,226.5,113.0
3,0.1,0.01,0.1,3,,0,2933,1467,1466,1310,534,157,932,89.3,36.43,10.7,63.57,0.7104,0.893,0.7913,0.3643,161.1,60.0
10,0.001,0.01,0.1,3,,0,2933,1467,1466,1292,507,175,959,88.07,34.58,11.93,65.42,0.7182,0.8807,0.7912,0.3458,169.5,61.0
3,0.05,0.01,0.1,3,,0,2933,1467,1466,1319,549,148,917,89.91,37.45,10.09,62.55,0.7061,0.8991,0.791,0.3745,157.9,60.0
10,0.001,0.01,0.1,4,,0,2933,1467,1466,1213,389,254,1077,82.69,26.53,17.31,73.47,0.7572,0.8269,0.7905,0.2653,229.5,113.0
10,0.005,0.01,0.1,2,,0,2933,1467,1466,1370,629,97,837,93.39,42.91,6.61,57.09,0.6853,0.9339,0.7905,0.4291,111.0,37.0
7,0.01,0.01,0.1,3,,0,2933,1467,1466,1299,521,168,945,88.55,35.54,11.45,64.46,0.7137,0.8855,0.7904,0.3554,165.5,61.0
5,0.001,0.01,0.1,5,,0,2933,1467,1466,1176,333,291,1133,80.16,22.71,19.84,77.29,0.7793,0.8016,0.7903,0.2271,273.3,145.0
5,0.001,0.01,0.1,3,,0,2933,1467,1466,1323,558,144,908,90.18,38.06,9.82,61.94,0.7033,0.9018,0.7903,0.3806,156.6,60.0
10,0.001,0.01,0.1,2,,0,2933,1467,1466,1383,650,84,816,94.27,44.34,5.73,55.66,0.6803,0.9427,0.7903,0.4434,109.1,36.0
7,0.01,0.01,0.1,2,,0,2933,1467,1466,1388,658,79,808,94.61,44.88,5.39,55.12,0.6784,0.9461,0.7902,0.4488,105.4,35.5
7,0.005,0.01,0.1,2,,0,2933,1467,1466,1394,668,73,798,95.02,45.57,4.98,54.43,0.676,0.9502,0.79,0.4557,102.8,35.5
3,0.02,0.01,0.1,3,,0,2933,1467,1466,1323,560,144,906,90.18,38.2,9.82,61.8,0.7026,0.9018,0.7899,0.382,156.0,60.0
5,0.005,0.01,0.1,5,,0,2933,1467,1466,1175,333,292,1133,80.1,22.71,19.9,77.29,0.7792,0.801,0.7899,0.2271,273.7,145.0
7,0.02,0.01,0.1,2,,0,2933,1467,1466,1381,649,86,817,94.14,44.27,5.86,55.73,0.6803,0.9414,0.7898,0.4427,108.2,37.0
7,0.02,0.01,0.1,4,,0,2933,1467,1466,1213,392,254,1074,82.69,26.74,17.31,73.26,0.7558,0.8269,0.7897,0.2674,230.6,114.0
3,0.02,0.01,0.1,5,,0,2933,1467,1466,1176,336,291,1130,80.16,22.92,19.84,77.08,0.7778,0.8016,0.7895,0.2292,272.7,145.0
3,0.05,0.01,0.1,5,,0,2933,1467,1466,1174,333,293,1133,80.03,22.71,19.97,77.29,0.779,0.8003,0.7895,0.2271,273.9,145.0
5,0.01,0.01,0.1,5,,0,2933,1467,1466,1172,330,295,1136,79.89,22.51,20.11,77.49,0.7803,0.7989,0.7895,0.2251,275.4,145.0
5,0.05,0.01,0.1,3,,0,2933,1467,1466,1296,520,171,946,88.34,35.47,11.66,64.53,0.7137,0.8834,0.7895,0.3547,169.7,61.5
10,0.01,0.01,0.1,2,,0,2933,1467,1466,1358,617,109,849,92.57,42.09,7.43,57.91,0.6876,0.9257,0.7891,0.4209,117.0,38.0
7,0.001,0.01,0.1,2,,0,2933,1467,1466,1399,681,68,785,95.36,46.45,4.64,53.55,0.6726,0.9536,0.7888,0.4645,100.7,34.0
7,0.02,0.01,0.1,3,,0,2933,1467,1466,1289,514,178,952,87.87,35.06,12.13,64.94,0.7149,0.8787,0.7884,0.3506,170.9,63.0
3,0.01,0.01,0.1,5,,0,2933,1467,1466,1176,341,291,1125,80.16,23.26,19.84,76.74,0.7752,0.8016,0.7882,0.2326,272.7,145.0
5,0.01,0.01,0.1,2,,0,2933,1467,1466,1401,687,66,779,95.5,46.86,4.5,53.14,0.671,0.955,0.7882,0.4686,100.3,34.0
3,0.005,0.01,0.1,3,,0,2933,1467,1466,1323,568,144,898,90.18,38.74,9.82,61.26,0.6996,0.9018,0.788,0.3874,156.0,60.0
3,0.01,0.01,0.1,3,,0,2933,1467,1466,1323,568,144,898,90.18,38.74,9.82,61.26,0.6996,0.9018,0.788,0.3874,156.0,60.0
3,0.005,0.01,0.1,5,,0,2933,1467,1466,1176,342,291,1124,80.16,23.33,19.84,76.67,0.7747,0.8016,0.7879,0.2333,272.7,145.0
5,0.02,0.01,0.1,2,,0,2933,1467,1466,1395,679,72,787,95.09,46.32,4.91,53.68,0.6726,0.9509,0.7879,0.4632,101.3,34.0
7,0.001,0.01,0.1,5,,0,2933,1467,1466,1166,327,301,1139,79.48,22.31,20.52,77.69,0.781,0.7948,0.7878,0.2231,276.4,145.0
3,0.001,0.01,0.1,3,,0,2933,1467,1466,1323,569,144,897,90.18,38.81,9.82,61.19,0.6993,0.9018,0.7877,0.3881,156.0,60.0
5,0.02,0.01,0.1,5,,0,2933,1467,1466,1164,325,303,1141,79.35,22.17,20.65,77.83,0.7817,0.7935,0.7876,0.2217,278.5,145.5
3,0.001,0.01,0.1,5,,0,2933,1467,1466,1176,344,291,1122,80.16,23.47,19.84,76.53,0.7737,0.8016,0.7874,0.2347,272.7,145.0
5,0.05,0.01,0.1,2,,0,2933,1467,1466,1383,663,84,803,94.27,45.23,5.73,54.77,0.676,0.9427,0.7874,0.4523,107.1,36.0
3,0.1,0.01,0.1,2,,0,2933,1467,1466,1395,684,72,782,95.09,46.66,4.91,53.34,0.671,0.9509,0.7868,0.4666,103.4,34.0
10,0.005,0.01,0.1,3,,0,2933,1467,1466,1273,497,194,969,86.78,33.9,13.22,66.1,0.7192,0.8678,0.7865,0.339,172.7,66.0
5,0.005,0.01,0.1,2,,0,2933,1467,1466,1402,697,65,769,95.57,47.54,4.43,52.46,0.6679,0.9557,0.7863,0.4754,98.6,33.0
3,0.1,0.01,0.1,5,,0,2933,1467,1466,1161,327,306,1139,79.14,22.31,20.86,77.69,0.7802,0.7914,0.7858,0.2231,281.6,146.0
10,0.005,0.01,0.1,4,,0,2933,1467,1466,1194,378,273,1088,81.39,25.78,18.61,74.22,0.7595,0.8139,0.7858,0.2578,236.3,115.0
3,0.05,0.01,0.1,2,,0,2933,1467,1466,1403,702,64,764,95.64,47.89,4.36,52.11,0.6665,0.9564,0.7856,0.4789,98.7,33.0
7,0.005,0.01,0.1,5,,0,2933,1467,1466,1158,323,309,1143,78.94,22.03,21.06,77.97,0.7819,0.7894,0.7856,0.2203,278.9,146.0
5,0.1,0.01,0.1,2,,0,2933,1467,1466,1357,634,110,832,92.5,43.25,7.5,56.75,0.6816,0.925,0.7848,0.4325,114.8,38.0
5,0.001,0.01,0.1,2,,0,2933,1467,1466,1405,710,62,756,95.77,48.43,4.23,51.57,0.6643,0.9577,0.7845,0.4843,98.4,33.0
7,0.01,0.01,0.1,5,,0,2933,1467,1466,1149,315,318,1151,78.32,21.49,21.68,78.51,0.7848,0.7832,0.784,0.2149,282.6,147.0
3,0.02,0.01,0.1,2,,0,2933,1467,1466,1405,713,62,753,95.77,48.64,4.23,51.36,0.6634,0.9577,0.7838,0.4864,98.2,33.0
15,0.001,0.01,0.1,2,,0,2933,1467,1466,1332,600,135,866,90.8,40.93,9.2,59.07,0.6894,0.908,0.7838,0.4093,122.3,40.0
7,0.05,0.01,0.1,2,,0,2933,1467,1466,1344,620,123,846,91.62,42.29,8.38,57.71,0.6843,0.9162,0.7834,0.4229,119.4,39.0
3,0.01,0.01,0.1,2,,0,2933,1467,1466,1406,719,61,747,95.84,49.05,4.16,50.95,0.6616,0.9584,0.7829,0.4905,98.3,33.0
5,0.05,0.01,0.1,5,,0,2933,1467,1466,1143,311,324,1155,77.91,21.21,22.09,78.79,0.7861,0.7791,0.7826,0.2121,285.7,148.0
10,0.01,0.01,0.1,3,,0,2933,1467,1466,1256,487,211,979,85.62,33.22,14.38,66.78,0.7206,0.8562,0.7826,0.3322,178.7,71.0
3,0.005,0.01,0.1,2,,0,2933,1467,1466,1406,721,61,745,95.84,49.18,4.16,50.82,0.661,0.9584,0.7824,0.4918,98.3,33.0
3,0.001,0.01,0.1,2,,0,2933,1467,1466,1406,722,61,744,95.84,49.25,4.16,50.75,0.6607,0.9584,0.7822,0.4925,98.3,33.0
10,0.001,0.01,0.1,5,,0,2933,1467,1466,1134,302,333,1164,77.3,20.6,22.7,79.4,0.7897,0.773,0.7813,0.206,290.2,147.0
10,0.01,0.01,0.1,4,,0,2933,1467,1466,1178,373,289,1093,80.3,25.44,19.7,74.56,0.7595,0.803,0.7806,0.2544,246.6,115.0
5,0.1,0.01,0.1,3,,0,2933,1467,1466,1256,496,211,970,85.62,33.83,14.38,66.17,0.7169,0.8562,0.7804,0.3383,181.3,72.5
7,0.02,0.01,0.1,5,,0,2933,1467,1466,1135,307,332,1159,77.37,20.94,22.63,79.06,0.7871,0.7737,0.7803,0.2094,289.7,149.0
10,0.02,0.01,0.1,2,,0,2933,1467,1466,1326,606,141,860,90.39,41.34,9.61,58.66,0.6863,0.9039,0.7802,0.4134,126.1,40.5
7,0.05,0.01,0.1,3,,0,2933,1467,1466,1242,486,225,980,84.66,33.15,15.34,66.85,0.7188,0.8466,0.7775,0.3315,189.6,77.0
15,0.001,0.01,0.1,3,,0,2933,1467,1466,1229,470,238,996,83.78,32.06,16.22,67.94,0.7234,0.8378,0.7764,0.3206,185.6,70.0
5,0.1,0.01,0.1,4,,0,2933,1467,1466,1172,382,295,1084,79.89,26.06,20.11,73.94,0.7542,0.7989,0.7759,0.2606,242.0,115.0
15,0.005,0.01,0.1,2,,0,2933,1467,1466,1295,579,172,887,88.28,39.5,11.72,60.5,0.691,0.8828,0.7752,0.395,132.9,44.0
10,0.005,0.01,0.1,5,,0,2933,1467,1466,1113,296,354,1170,75.87,20.19,24.13,79.81,0.7899,0.7587,0.774,0.2019,298.1,150.0
19,0.001,0.01,0.1,2,,0,2933,1467,1466,1282,564,185,902,87.39,38.47,12.61,61.53,0.6945,0.8739,0.7739,0.3847,140.4,48.5
10,0.02,0.01,0.1,3,,0,2933,1467,1466,1222,474,245,992,83.3,32.33,16.7,67.67,0.7205,0.833,0.7727,0.3233,192.3,77.0
15,0.001,0.01,0.1,4,,0,2933,1467,1466,1145,354,322,1112,78.05,24.15,21.95,75.85,0.7638,0.7805,0.7721,0.2415,254.0,115.0
7,0.05,0.01,0.1,4,,0,2933,1467,1466,1154,372,313,1094,78.66,25.38,21.34,74.62,0.7562,0.7866,0.7711,0.2538,253.7,116.0
15,0.01,0.01,0.1,2,,0,2933,1467,1466,1265,564,202,902,86.23,38.47,13.77,61.53,0.6916,0.8623,0.7676,0.3847,146.7,52.0
10,0.01,0.01,0.1,5,,0,2933,1467,1466,1091,287,376,1179,74.37,19.58,25.63,80.42,0.7917,0.7437,0.767,0.1958,306.5,150.0
10,0.02,0.01,0.1,4,,0,2933,1467,1466,1133,358,334,1108,77.23,24.42,22.77,75.58,0.7599,0.7723,0.7661,0.2442,260.0,116.0
15,0.005,0.01,0.1,3,,0,2933,1467,1466,1188,451,279,1015,80.98,30.76,19.02,69.24,0.7248,0.8098,0.765,0.3076,203.1,81.0
7,0.1,0.01,0.1,2,,0,2933,1467,1466,1270,596,197,870,86.57,40.65,13.43,59.35,0.6806,0.8657,0.7621,0.4065,143.0,52.5
19,0.001,0.01,0.1,3,,0,2933,1467,1466,1170,434,297,1032,79.75,29.6,20.25,70.4,0.7294,0.7975,0.762,0.296,216.4,83.5
5,0.1,0.01,0.1,5,,0,2933,1467,1466,1078,292,389,1174,73.48,19.92,26.52,80.08,0.7869,0.7348,0.76,0.1992,303.2,150.0
19,0.005,0.01,0.1,2,,0,2933,1467,1466,1226,540,241,926,83.57,36.83,16.43,63.17,0.6942,0.8357,0.7584,0.3683,161.8,56.0
10,0.05,0.01,0.1,2,,0,2933,1467,1466,1241,573,226,893,84.59,39.09,15.41,60.91,0.6841,0.8459,0.7565,0.3909,148.9,55.0
7,0.05,0.01,0.1,5,,0,2933,1467,1466,1063,286,404,1180,72.46,19.51,27.54,80.49,0.788,0.7246,0.755,0.1951,311.7,150.0
15,0.001,0.01,0.1,5,,0,2933,1467,1466,1050,271,417,1195,71.57,18.49,28.43,81.51,0.7949,0.7157,0.7532,0.1849,316.3,150.0
15,0.005,0.01,0.1,4,,0,2933,1467,1466,1090,340,377,1126,74.3,23.19,25.7,76.81,0.7622,0.743,0.7525,0.2319,262.6,118.0
15,0.01,0.01,0.1,3,,0,2933,1467,1466,1141,431,326,1035,77.78,29.4,22.22,70.6,0.7258,0.7778,0.7509,0.294,216.4,86.0
15,0.02,0.01,0.1,2,,0,2933,1467,1466,1205,541,262,925,82.14,36.9,17.86,63.1,0.6901,0.8214,0.7501,0.369,168.3,58.0
7,0.1,0.01,0.1,3,,0,2933,1467,1466,1149,455,318,1011,78.32,31.04,21.68,68.96,0.7163,0.7832,0.7483,0.3104,217.5,87.0
25,0.001,0.01,0.1,2,,0,2933,1467,1466,1178,510,289,956,80.3,34.79,19.7,65.21,0.6979,0.803,0.7468,0.3479,173.4,57.5
10,0.02,0.01,0.1,5,,0,2933,1467,1466,1033,271,434,1195,70.42,18.49,29.58,81.51,0.7922,0.7042,0.7456,0.1849,318.0,150.0
7,0.02,0.01,0.1,1,,0,2933,1467,1466,1439,955,28,511,98.09,65.14,1.91,34.86,0.6011,0.9809,0.7454,0.6514,53.6,20.0
10,0.005,0.01,0.1,1,,0,2933,1467,1466,1432,950,35,516,97.61,64.8,2.39,35.2,0.6012,0.9761,0.7441,0.648,58.0,20.0
19,0.001,0.01,0.1,4,,0,2933,1467,1466,1058,319,409,1147,72.12,21.76,27.88,78.24,0.7683,0.7212,0.744,0.2176,278.1,120.0
10,0.001,0.01,0.1,1,,0,2933,1467,1466,1438,961,29,505,98.02,65.55,1.98,34.45,0.5994,0.9802,0.7439,0.6555,52.5,19.0
5,0.1,0.01,0.1,1,,0,2933,1467,1466,1428,947,39,519,97.34,64.6,2.66,35.4,0.6013,0.9734,0.7434,0.646,61.2,20.0
7,0.05,0.01,0.1,1,,0,2933,1467,1466,1421,937,46,529,96.86,63.92,3.14,36.08,0.6026,0.9686,0.743,0.6392,60.2,20.0
5,0.05,0.01,0.1,1,,0,2933,1467,1466,1439,968,28,498,98.09,66.03,1.91,33.97,0.5978,0.9809,0.7429,0.6603,53.4,19.0
10,0.01,0.01,0.1,1,,0,2933,1467,1466,1422,939,45,527,96.93,64.05,3.07,35.95,0.6023,0.9693,0.7429,0.6405,60.9,20.0
15,0.001,0.01,0.1,1,,0,2933,1467,1466,1408,919,59,547,95.98,62.69,4.02,37.31,0.6051,0.9598,0.7422,0.6269,62.8,20.0
7,0.01,0.01,0.1,1,,0,2933,1467,1466,1439,972,28,494,98.09,66.3,1.91,33.7,0.5968,0.9809,0.7421,0.663,51.2,19.0
7,0.005,0.01,0.1,1,,0,2933,1467,1466,1443,981,24,485,98.36,66.92,1.64,33.08,0.5953,0.9836,0.7417,0.6692,50.7,19.0
5,0.02,0.01,0.1,1,,0,2933,1467,1466,1445,988,22,478,98.5,67.39,1.5,32.61,0.5939,0.985,0.741,0.6739,49.0,19.0
10,0.05,0.01,0.1,3,,0,2933,1467,1466,1118,435,349,1031,76.21,29.67,23.79,70.33,0.7199,0.7621,0.7404,0.2967,221.1,87.0
19,0.001,0.01,0.1,1,,0,2933,1467,1466,1375,873,92,593,93.73,59.55,6.27,40.45,0.6117,0.9373,0.7402,0.5955,76.1,22.0
15,0.005,0.01,0.1,1,,0,2933,1467,1466,1386,895,81,571,94.48,61.05,5.52,38.95,0.6076,0.9448,0.7396,0.6105,73.4,21.0
10,0.02,0.01,0.1,1,,0,2933,1467,1466,1402,923,65,543,95.57,62.96,4.43,37.04,0.603,0.9557,0.7395,0.6296,64.3,20.0
7,0.001,0.01,0.1,1,,0,2933,1467,1466,1447,1001,20,465,98.64,68.28,1.36,31.72,0.5911,0.9864,0.7392,0.6828,49.1,17.0
5,0.01,0.01,0.1,1,,0,2933,1467,1466,1448,1005,19,461,98.7,68.55,1.3,31.45,0.5903,0.987,0.7388,0.6855,48.8,17.0
3,0.1,0.01,0.1,1,,0,2933,1467,1466,1444,1002,23,464,98.43,68.35,1.57,31.65,0.5904,0.9843,0.7381,0.6835,51.4,19.0
15,0.01,0.01,0.1,1,,0,2933,1467,1466,1370,880,97,586,93.39,60.03,6.61,39.97,0.6089,0.9339,0.7372,0.6003,81.6,23.0
19,0.005,0.01,0.1,1,,0,2933,1467,1466,1349,845,118,621,91.96,57.64,8.04,42.36,0.6149,0.9196,0.737,0.5764,95.8,23.0
3,0.05,0.01,0.1,1,,0,2933,1467,1466,1448,1015,19,451,98.7,69.24,1.3,30.76,0.5879,0.987,0.7369,0.6924,48.6,17.0
5,0.005,0.01,0.1,1,,0,2933,1467,1466,1448,1015,19,451,98.7,69.24,1.3,30.76,0.5879,0.987,0.7369,0.6924,48.5,17.0
19,0.01,0.01,0.1,2,,0,2933,1467,1466,1160,523,307,943,79.07,35.68,20.93,64.32,0.6892,0.7907,0.7365,0.3568,184.3,58.0
25,0.001,0.01,0.1,1,,0,2933,1467,1466,1327,812,140,654,90.46,55.39,9.54,44.61,0.6204,0.9046,0.736,0.5539,103.0,25.0
5,0.001,0.01,0.1,1,,0,2933,1467,1466,1448,1031,19,435,98.7,70.33,1.3,29.67,0.5841,0.987,0.7339,0.7033,48.5,17.0
7,0.1,0.01,0.1,1,,0,2933,1467,1466,1382,919,85,547,94.21,62.69,5.79,37.31,0.6006,0.9421,0.7335,0.6269,78.3,23.0
3,0.02,0.01,0.1,1,,0,2933,1467,1466,1448,1035,19,431,98.7,70.6,1.3,29.4,0.5832,0.987,0.7332,0.706,48.4,17.0
7,0.1,0.01,0.1,4,,0,2933,1467,1466,1045,339,422,1127,71.23,23.12,28.77,76.88,0.7551,0.7123,0.7331,0.2312,281.1,120.0
3,0.005,0.01,0.1,1,,0,2933,1467,1466,1448,1037,19,429,98.7,70.74,1.3,29.26,0.5827,0.987,0.7328,0.7074,48.4,17.0
3,0.001,0.01,0.1,1,,0,2933,1467,1466,1448,1037,19,429,98.7,70.74,1.3,29.26,0.5827,0.987,0.7328,0.7074,48.4,17.0
3,0.01,0.01,0.1,1,,0,2933,1467,1466,1448,1037,19,429,98.7,70.74,1.3,29.26,0.5827,0.987,0.7328,0.7074,48.4,17.0
10,0.05,0.01,0.1,1,,0,2933,1467,1466,1367,898,100,568,93.18,61.26,6.82,38.74,0.6035,0.9318,0.7326,0.6126,84.9,23.0
15,0.01,0.01,0.1,4,,0,2933,1467,1466,1029,322,438,1144,70.14,21.96,29.86,78.04,0.7617,0.7014,0.7303,0.2196,283.4,120.0
15,0.02,0.01,0.1,1,,0,2933,1467,1466,1331,847,136,619,90.73,57.78,9.27,42.22,0.6111,0.9073,0.7303,0.5778,100.1,26.0
19,0.005,0.01,0.1,3,,0,2933,1467,1466,1079,409,388,1057,73.55,27.9,26.45,72.1,0.7251,0.7355,0.7303,0.279,235.2,87.0
30,0.001,0.01,0.1,1,,0,2933,1467,1466,1270,745,197,721,86.57,50.82,13.43,49.18,0.6303,0.8657,0.7295,0.5082,128.8,29.0
19,0.01,0.01,0.1,1,,0,2933,1467,1466,1313,824,154,642,89.5,56.21,10.5,43.79,0.6144,0.895,0.7286,0.5621,109.3,27.0
15,0.005,0.01,0.1,5,,0,2933,1467,1466,980,256,487,1210,66.8,17.46,33.2,82.54,0.7929,0.668,0.7251,0.1746,332.0,151.0
30,0.001,0.01,0.1,2,,0,2933,1467,1466,1090,461,377,1005,74.3,31.45,25.7,68.55,0.7028,0.743,0.7223,0.3145,197.5,59.0
25,0.005,0.01,0.1,1,,0,2933,1467,1466,1263,769,204,697,86.09,52.46,13.91,47.54,0.6216,0.8609,0.7219,0.5246,132.7,29.0
15,0.02,0.01,0.1,3,,0,2933,1467,1466,1058,407,409,1059,72.12,27.76,27.88,72.24,0.7222,0.7212,0.7217,0.2776,240.0,89.0
25,0.001,0.01,0.1,3,,0,2933,1467,1466,1038,374,429,1092,70.76,25.51,29.24,74.49,0.7351,0.7076,0.7211,0.2551,251.8,87.0
10,0.05,0.01,0.1,4,,0,2933,1467,1466,1007,328,460,1138,68.64,22.37,31.36,77.63,0.7543,0.6864,0.7188,0.2237,287.0,120.0
25,0.005,0.01,0.1,2,,0,2933,1467,1466,1091,479,376,987,74.37,32.67,25.63,67.33,0.6949,0.7437,0.7185,0.3267,196.8,59.0
10,0.1,0.01,0.1,1,,0,2933,1467,1466,1288,846,179,620,87.8,57.71,12.2,42.29,0.6036,0.878,0.7154,0.5771,116.5,29.0
19,0.02,0.01,0.1,1,,0,2933,1467,1466,1254,792,213,674,85.48,54.02,14.52,45.98,0.6129,0.8548,0.7139,0.5402,133.8,29.0
19,0.001,0.01,0.1,5,,0,2933,1467,1466,948,244,519,1222,64.62,16.64,35.38,83.36,0.7953,0.6462,0.7131,0.1664,327.5,150.0
10,0.1,0.01,0.1,2,,0,2933,1467,1466,1098,517,369,949,74.85,35.27,25.15,64.73,0.6799,0.7485,0.7125,0.3527,188.6,60.0
19,0.02,0.01,0.1,2,,0,2933,1467,1466,1075,486,392,980,73.28,33.15,26.72,66.85,0.6887,0.7328,0.71,0.3315,199.9,60.0
19,0.01,0.01,0.1,3,,0,2933,1467,1466,1020,387,447,1079,69.53,26.4,30.47,73.6,0.7249,0.6953,0.7098,0.264,252.7,89.5
19,0.005,0.01,0.1,4,,0,2933,1467,1466,966,294,501,1172,65.85,20.05,34.15,79.95,0.7667,0.6585,0.7085,0.2005,302.8,120.0
15,0.05,0.01,0.1,1,,0,2933,1467,1466,1242,802,225,664,84.66,54.71,15.34,45.29,0.6076,0.8466,0.7075,0.5471,136.3,30.0
25,0.01,0.01,0.1,1,,0,2933,1467,1466,1203,743,264,723,82.0,50.68,18.0,49.32,0.6182,0.82,0.705,0.5068,142.6,30.0
30,0.005,0.01,0.1,1,,0,2933,1467,1466,1170,689,297,777,79.75,47.0,20.25,53.0,0.6294,0.7975,0.7035,0.47,157.2,30.0
7,0.1,0.01,0.1,5,,0,2933,1467,1466,922,253,545,1213,62.85,17.26,37.15,82.74,0.7847,0.6285,0.698,0.1726,339.0,179.0
15,0.01,0.01,0.1,5,,0,2933,1467,1466,911,238,556,1228,62.1,16.23,37.9,83.77,0.7929,0.621,0.6965,0.1623,336.8,155.0
15,0.05,0.01,0.1,2,,0,2933,1467,1466,1037,479,430,987,70.69,32.67,29.31,67.33,0.684,0.7069,0.6953,0.3267,204.9,60.0
15,0.02,0.01,0.1,4,,0,2933,1467,1466,939,295,528,1171,64.01,20.12,35.99,79.88,0.7609,0.6401,0.6953,0.2012,303.4,121.0
25,0.001,0.01,0.1,4,,0,2933,1467,1466,917,269,550,1197,62.51,18.35,37.49,81.65,0.7732,0.6251,0.6913,0.1835,315.3,123.0
40,0.001,0.01,0.1,1,,0,2933,1467,1466,1092,603,375,863,74.44,41.13,25.56,58.87,0.6442,0.7444,0.6907,0.4113,165.2,30.0
25,0.01,0.01,0.1,2,,0,2933,1467,1466,1006,447,461,1019,68.58,30.49,31.42,69.51,0.6924,0.6858,0.689,0.3049,220.0,60.0
25,0.02,0.01,0.1,1,,0,2933,1467,1466,1117,672,350,794,76.14,45.84,23.86,54.16,0.6244,0.7614,0.6861,0.4584,176.6,30.0
30,0.001,0.01,0.1,3,,0,2933,1467,1466,932,320,535,1146,63.53,21.83,36.47,78.17,0.7444,0.6353,0.6855,0.2183,280.0,90.0
10,0.1,0.01,0.1,3,,0,2933,1467,1466,961,377,506,1089,65.51,25.72,34.49,74.28,0.7182,0.6551,0.6852,0.2572,273.9,96.0
30,0.005,0.01,0.1,2,,0,2933,1467,1466,974,408,493,1058,66.39,27.83,33.61,72.17,0.7048,0.6639,0.6837,0.2783,247.6,61.5
25,0.005,0.01,0.1,3,,0,2933,1467,1466,937,344,530,1122,63.87,23.47,36.13,76.53,0.7315,0.6387,0.682,0.2347,284.1,91.0
30,0.01,0.01,0.1,1,,0,2933,1467,1466,1093,649,374,817,74.51,44.27,25.49,55.73,0.6274,0.7451,0.6812,0.4427,172.2,30.0
19,0.05,0.01,0.1,1,,0,2933,1467,1466,1122,707,345,759,76.48,48.23,23.52,51.77,0.6134,0.7648,0.6808,0.4823,174.9,31.0
10,0.05,0.01,0.1,5,,0,2933,1467,1466,877,241,590,1225,59.78,16.44,40.22,83.56,0.7844,0.5978,0.6785,0.1644,344.4,179.0
19,0.01,0.01,0.1,4,,0,2933,1467,1466,893,273,574,1193,60.87,18.62,39.13,81.38,0.7659,0.6087,0.6783,0.1862,320.8,136.0
19,0.02,0.01,0.1,3,,0,2933,1467,1466,920,352,547,1114,62.71,24.01,37.29,75.99,0.7233,0.6271,0.6718,0.2401,280.4,95.0
19,0.005,0.01,0.1,5,,0,2933,1467,1466,848,214,619,1252,57.81,14.6,42.19,85.4,0.7985,0.5781,0.6706,0.146,353.3,179.0
15,0.1,0.01,0.1,1,,0,2933,1467,1466,1096,720,371,746,74.71,49.11,25.29,50.89,0.6035,0.7471,0.6677,0.4911,186.7,31.0
40,0.001,0.01,0.1,2,,0,2933,1467,1466,892,334,575,1132,60.8,22.78,39.2,77.22,0.7276,0.608,0.6625,0.2278,243.6,61.0
15,0.05,0.01,0.1,3,,0,2933,1467,1466,881,348,586,1118,60.05,23.74,39.95,76.26,0.7168,0.6005,0.6536,0.2374,289.4,115.0
30,0.02,0.01,0.1,1,,0,2933,1467,1466,996,587,471,879,67.89,40.04,32.11,59.96,0.6292,0.6789,0.6531,0.4004,195.8,38.0
40,0.005,0.01,0.1,1,,0,2933,1467,1466,974,543,493,923,66.39,37.04,33.61,62.96,0.6421,0.6639,0.6528,0.3704,190.1,33.0
15,0.02,0.01,0.1,5,,0,2933,1467,1466,816,220,651,1246,55.62,15.01,44.38,84.99,0.7876,0.5562,0.652,0.1501,357.2,180.0
25,0.02,0.01,0.1,2,,0,2933,1467,1466,893,393,574,1073,60.87,26.81,39.13,73.19,0.6944,0.6087,0.6487,0.2681,254.1,73.0
25,0.001,0.01,0.1,5,,0,2933,1467,1466,798,196,669,1270,54.4,13.37,45.6,86.63,0.8028,0.544,0.6485,0.1337,374.1,209.5
10,0.1,0.01,0.1,4,,0,2933,1467,1466,833,272,634,1194,56.78,18.55,43.22,81.45,0.7538,0.5678,0.6477,0.1855,345.3,181.0
30,0.01,0.01,0.1,2,,0,2933,1467,1466,872,359,595,1107,59.44,24.49,40.56,75.51,0.7084,0.5944,0.6464,0.2449,258.9,74.0
25,0.005,0.01,0.1,4,,0,2933,1467,1466,808,236,659,1230,55.08,16.1,44.92,83.9,0.7739,0.5508,0.6436,0.161,343.6,175.5
25,0.01,0.01,0.1,3,,0,2933,1467,1466,843,312,624,1154,57.46,21.28,42.54,78.72,0.7299,0.5746,0.643,0.2128,313.9,127.0
30,0.001,0.01,0.1,4,,0,2933,1467,1466,803,231,664,1235,54.74,15.76,45.26,84.24,0.7766,0.5474,0.6421,0.1576,332.6,150.0
19,0.05,0.01,0.1,2,,0,2933,1467,1466,883,409,584,1057,60.19,27.9,39.81,72.1,0.6834,0.6019,0.6401,0.279,256.6,87.0
19,0.01,0.01,0.1,5,,0,2933,1467,1466,779,202,688,1264,53.1,13.78,46.9,86.22,0.7941,0.531,0.6364,0.1378,374.7,210.0
30,0.005,0.01,0.1,3,,0,2933,1467,1466,800,272,667,1194,54.53,18.55,45.47,81.45,0.7463,0.5453,0.6302,0.1855,322.7,147.5
19,0.02,0.01,0.1,4,,0,2933,1467,1466,779,248,688,1218,53.1,16.92,46.9,83.08,0.7585,0.531,0.6247,0.1692,356.1,184.0
25,0.05,0.01,0.1,1,,0,2933,1467,1466,928,579,539,887,63.26,39.5,36.74,60.5,0.6158,0.6326,0.6241,0.395,223.4,60.0
19,0.1,0.01,0.1,1,,0,2933,1467,1466,939,604,528,862,64.01,41.2,35.99,58.8,0.6086,0.6401,0.6239,0.412,229.7,60.0
15,0.1,0.01,0.1,2,,0,2933,1467,1466,840,394,627,1072,57.26,26.88,42.74,73.12,0.6807,0.5726,0.622,0.2688,277.1,105.5
40,0.01,0.01,0.1,1,,0,2933,1467,1466,879,485,588,981,59.92,33.08,40.08,66.92,0.6444,0.5992,0.621,0.3308,222.4,51.0
15,0.05,0.01,0.1,4,,0,2933,1467,1466,750,245,717,1221,51.12,16.71,48.88,83.29,0.7538,0.5112,0.6093,0.1671,371.6,217.0
25,0.01,0.01,0.1,4,,0,2933,1467,1466,716,213,751,1253,48.81,14.53,51.19,85.47,0.7707,0.4881,0.5977,0.1453,376.4,210.0
40,0.001,0.01,0.1,3,,0,2933,1467,1466,718,223,749,1243,48.94,15.21,51.06,84.79,0.763,0.4894,0.5963,0.1521,324.1,144.5
30,0.001,0.01,0.1,5,,0,2933,1467,1466,692,166,775,1300,47.17,11.32,52.83,88.68,0.8065,0.4717,0.5953,0.1132,384.6,229.5
40,0.005,0.01,0.1,2,,0,2933,1467,1466,732,277,735,1189,49.9,18.89,50.1,81.11,0.7255,0.499,0.5913,0.1889,287.3,110.0
25,0.02,0.01,0.1,3,,0,2933,1467,1466,723,260,744,1206,49.28,17.74,50.72,82.26,0.7355,0.4928,0.5902,0.1774,333.0,154.0
25,0.005,0.01,0.1,5,,0,2933,1467,1466,685,170,782,1296,46.69,11.6,53.31,88.4,0.8012,0.4669,0.59,0.116,407.8,240.0
10,0.1,0.01,0.1,5,,0,2933,1467,1466,696,197,771,1269,47.44,13.44,52.56,86.56,0.7794,0.4744,0.5898,0.1344,394.5,270.5
19,0.05,0.01,0.1,3,,0,2933,1467,1466,719,279,748,1187,49.01,19.03,50.99,80.97,0.7204,0.4901,0.5834,0.1903,342.2,179.0
30,0.02,0.01,0.1,2,,0,2933,1467,1466,733,318,734,1148,49.97,21.69,50.03,78.31,0.6974,0.4997,0.5822,0.2169,287.1,109.0
30,0.01,0.01,0.1,3,,0,2933,1467,1466,702,244,765,1222,47.85,16.64,52.15,83.36,0.7421,0.4785,0.5818,0.1664,347.4,152.5
30,0.05,0.01,0.1,1,,0,2933,1467,1466,792,472,675,994,53.99,32.2,46.01,67.8,0.6266,0.5399,0.58,0.322,265.9,60.0
40,0.02,0.01,0.1,1,,0,2933,1467,1466,754,411,713,1055,51.4,28.04,48.6,71.96,0.6472,0.514,0.5729,0.2804,283.7,60.0
19,0.02,0.01,0.1,5,,0,2933,1467,1466,657,176,810,1290,44.79,12.01,55.21,87.99,0.7887,0.4479,0.5713,0.1201,403.3,258.0
30,0.005,0.01,0.1,4,,0,2933,1467,1466,663,191,804,1275,45.19,13.03,54.81,86.97,0.7763,0.4519,0.5713,0.1303,383.2,210.0
25,0.1,0.01,0.1,1,,0,2933,1467,1466,730,445,737,1021,49.76,30.35,50.24,69.65,0.6213,0.4976,0.5526,0.3035,295.2,60.0
15,0.1,0.01,0.1,3,,0,2933,1467,1466,655,268,812,1198,44.65,18.28,55.35,81.72,0.7096,0.4465,0.5481,0.1828,342.5,180.0
15,0.05,0.01,0.1,5,,0,2933,1467,1466,615,172,852,1294,41.92,11.73,58.08,88.27,0.7814,0.4192,0.5457,0.1173,415.0,291.0
19,0.1,0.01,0.1,2,,0,2933,1467,1466,647,306,820,1160,44.1,20.87,55.9,79.13,0.6789,0.441,0.5347,0.2087,313.0,120.0
25,0.01,0.01,0.1,5,,0,2933,1467,1466,589,150,878,1316,40.15,10.23,59.85,89.77,0.797,0.4015,0.534,0.1023,423.3,270.0
25,0.05,0.01,0.1,2,,0,2933,1467,1466,642,296,825,1170,43.76,20.19,56.24,79.81,0.6844,0.4376,0.5339,0.2019,311.6,120.0
40,0.01,0.01,0.1,2,,0,2933,1467,1466,615,238,852,1228,41.92,16.23,58.08,83.77,0.721,0.4192,0.5302,0.1623,317.6,120.0
40,0.001,0.01,0.1,4,,0,2933,1467,1466,577,147,890,1319,39.33,10.03,60.67,89.97,0.797,0.3933,0.5267,0.1003,387.6,210.0
25,0.02,0.01,0.1,4,,0,2933,1467,1466,579,174,888,1292,39.47,11.87,60.53,88.13,0.7689,0.3947,0.5216,0.1187,413.5,240.0
30,0.01,0.01,0.1,4,,0,2933,1467,1466,567,162,900,1304,38.65,11.05,61.35,88.95,0.7778,0.3865,0.5164,0.1105,403.5,240.0
19,0.05,0.01,0.1,4,,0,2933,1467,1466,572,184,895,1282,38.99,12.55,61.01,87.45,0.7566,0.3899,0.5146,0.1255,398.3,240.0
40,0.005,0.01,0.1,3,,0,2933,1467,1466,562,175,905,1291,38.31,11.94,61.69,88.06,0.7626,0.3831,0.51,0.1194,371.7,179.5
30,0.005,0.01,0.1,5,,0,2933,1467,1466,544,136,923,1330,37.08,9.28,62.92,90.72,0.8,0.3708,0.5068,0.0928,431.9,300.0
30,0.02,0.01,0.1,3,,0,2933,1467,1466,567,204,900,1262,38.65,13.92,61.35,86.08,0.7354,0.3865,0.5067,0.1392,369.3,180.0
30,0.1,0.01,0.1,1,,0,2933,1467,1466,570,343,897,1123,38.85,23.4,61.15,76.6,0.6243,0.3885,0.479,0.234,366.9,120.0
15,0.1,0.01,0.1,4,,0,2933,1467,1466,502,174,965,1292,34.22,11.87,65.78,88.13,0.7426,0.3422,0.4685,0.1187,396.6,240.0
40,0.001,0.01,0.1,5,,0,2933,1467,1466,476,113,991,1353,32.45,7.71,67.55,92.29,0.8081,0.3245,0.463,0.0771,432.9,300.0
40,0.05,0.01,0.1,1,,0,2933,1467,1466,526,303,941,1163,35.86,20.67,64.14,79.33,0.6345,0.3586,0.4582,0.2067,373.2,120.0
30,0.05,0.01,0.1,2,,0,2933,1467,1466,491,219,976,1247,33.47,14.94,66.53,85.06,0.6915,0.3347,0.4511,0.1494,381.3,150.0
25,0.02,0.01,0.1,5,,0,2933,1467,1466,458,124,1009,1342,31.22,8.46,68.78,91.54,0.7869,0.3122,0.447,0.0846,459.6,300.0
30,0.01,0.01,0.1,5,,0,2933,1467,1466,452,114,1015,1352,30.81,7.78,69.19,92.22,0.7986,0.3081,0.4447,0.0778,452.9,300.0
25,0.05,0.01,0.1,3,,0,2933,1467,1466,470,181,997,1285,32.04,12.35,67.96,87.65,0.722,0.3204,0.4438,0.1235,401.1,180.0
40,0.01,0.01,0.1,3,,0,2933,1467,1466,456,146,1011,1320,31.08,9.96,68.92,90.04,0.7575,0.3108,0.4408,0.0996,396.3,180.0
40,0.02,0.01,0.1,2,,0,2933,1467,1466,469,193,998,1273,31.97,13.17,68.03,86.83,0.7085,0.3197,0.4406,0.1317,363.8,150.0
19,0.1,0.01,0.1,3,,0,2933,1467,1466,460,180,1007,1286,31.36,12.28,68.64,87.72,0.7188,0.3136,0.4366,0.1228,420.0,181.0
40,0.005,0.01,0.1,4,,0,2933,1467,1466,442,121,1025,1345,30.13,8.25,69.87,91.75,0.7851,0.3013,0.4355,0.0825,434.5,240.0
19,0.05,0.01,0.1,5,,0,2933,1467,1466,437,126,1030,1340,29.79,8.59,70.21,91.41,0.7762,0.2979,0.4305,0.0859,458.8,300.0
30,0.02,0.01,0.1,4,,0,2933,1467,1466,428,136,1039,1330,29.18,9.28,70.82,90.72,0.7589,0.2918,0.4215,0.0928,435.7,240.0
25,0.1,0.01,0.1,2,,0,2933,1467,1466,414,191,1053,1275,28.22,13.03,71.78,86.97,0.6843,0.2822,0.3996,0.1303,402.7,179.5
15,0.1,0.01,0.1,5,,0,2933,1467,1466,392,118,1075,1348,26.72,8.05,73.28,91.95,0.7686,0.2672,0.3966,0.0805,461.7,300.0
25,0.05,0.01,0.1,4,,0,2933,1467,1466,352,118,1115,1348,23.99,8.05,76.01,91.95,0.7489,0.2399,0.3634,0.0805,462.3,262.0
40,0.005,0.01,0.1,5,,0,2933,1467,1466,344,90,1123,1376,23.45,6.14,76.55,93.86,0.7926,0.2345,0.3619,0.0614,491.2,300.0
40,0.01,0.01,0.1,4,,0,2933,1467,1466,340,97,1127,1369,23.18,6.62,76.82,93.38,0.778,0.2318,0.3571,0.0662,456.7,240.0
19,0.1,0.01,0.1,4,,0,2933,1467,1466,340,119,1127,1347,23.18,8.12,76.82,91.88,0.7407,0.2318,0.3531,0.0812,476.1,269.0
30,0.02,0.01,0.1,5,,0,2933,1467,1466,333,104,1134,1362,22.7,7.09,77.3,92.91,0.762,0.227,0.3498,0.0709,469.4,300.0
40,0.02,0.01,0.1,3,,0,2933,1467,1466,332,108,1135,1358,22.63,7.37,77.37,92.63,0.7545,0.2263,0.3482,0.0737,435.8,238.5
30,0.05,0.01,0.1,3,,0,2933,1467,1466,333,122,1134,1344,22.7,8.32,77.3,91.68,0.7319,0.227,0.3465,0.0832,436.7,240.0
40,0.1,0.01,0.1,1,,0,2933,1467,1466,339,185,1128,1281,23.11,12.62,76.89,87.38,0.6469,0.2311,0.3405,0.1262,451.2,234.0
30,0.1,0.01,0.1,2,,0,2933,1467,1466,286,128,1181,1338,19.5,8.73,80.5,91.27,0.6908,0.195,0.3041,0.0873,435.7,240.0
40,0.05,0.01,0.1,2,,0,2933,1467,1466,280,114,1187,1352,19.09,7.78,80.91,92.22,0.7107,0.1909,0.3009,0.0778,462.0,240.0
25,0.1,0.01,0.1,3,,0,2933,1467,1466,268,109,1199,1357,18.27,7.44,81.73,92.56,0.7109,0.1827,0.2907,0.0744,463.3,269.5
25,0.05,0.01,0.1,5,,0,2933,1467,1466,260,85,1207,1381,17.72,5.8,82.28,94.2,0.7536,0.1772,0.287,0.058,507.1,360.0
40,0.01,0.01,0.1,5,,0,2933,1467,1466,251,72,1216,1394,17.11,4.91,82.89,95.09,0.7771,0.1711,0.2804,0.0491,487.8,300.0
19,0.1,0.01,0.1,5,,0,2933,1467,1466,250,82,1217,1384,17.04,5.59,82.96,94.41,0.753,0.1704,0.2779,0.0559,512.1,359.0
40,0.02,0.01,0.1,4,,0,2933,1467,1466,240,71,1227,1395,16.36,4.84,83.64,95.16,0.7717,0.1636,0.27,0.0484,483.1,300.5
30,0.05,0.01,0.1,4,,0,2933,1467,1466,233,81,1234,1385,15.88,5.53,84.12,94.47,0.742,0.1588,0.2617,0.0553,474.6,300.0
25,0.1,0.01,0.1,4,,0,2933,1467,1466,182,66,1285,1400,12.41,4.5,87.59,95.5,0.7339,0.1241,0.2122,0.045,513.4,323.0
40,0.02,0.01,0.1,5,,0,2933,1467,1466,173,54,1294,1412,11.79,3.68,88.21,96.32,0.7621,0.1179,0.2043,0.0368,534.8,376.0
30,0.1,0.01,0.1,3,,0,2933,1467,1466,173,62,1294,1404,11.79,4.23,88.21,95.77,0.7362,0.1179,0.2033,0.0423,509.8,300.0
30,0.05,0.01,0.1,5,,0,2933,1467,1466,172,61,1295,1405,11.72,4.16,88.28,95.84,0.7382,0.1172,0.2024,0.0416,538.8,374.5
40,0.05,0.01,0.1,3,,0,2933,1467,1466,171,63,1296,1403,11.66,4.3,88.34,95.7,0.7308,0.1166,0.2011,0.043,514.9,303.0
25,0.1,0.01,0.1,5,,0,2933,1467,1466,136,50,1331,1416,9.27,3.41,90.73,96.59,0.7312,0.0927,0.1645,0.0341,548.3,367.5
40,0.1,0.01,0.1,2,,0,2933,1467,1466,135,58,1332,1408,9.2,3.96,90.8,96.04,0.6995,0.092,0.1627,0.0396,488.9,265.0
40,0.05,0.01,0.1,4,,0,2933,1467,1466,112,47,1355,1419,7.63,3.21,92.37,96.79,0.7044,0.0763,0.1378,0.0321,527.6,360.0
30,0.1,0.01,0.1,4,,0,2933,1467,1466,111,46,1356,1420,7.57,3.14,92.43,96.86,0.707,0.0757,0.1367,0.0314,517.2,360.0
40,0.05,0.01,0.1,5,,0,2933,1467,1466,78,34,1389,1432,5.32,2.32,94.68,97.68,0.6964,0.0532,0.0988,0.0232,528.3,419.0
30,0.1,0.01,0.1,5,,0,2933,1467,1466,77,37,1390,1429,5.25,2.52,94.75,97.48,0.6754,0.0525,0.0974,0.0252,516.4,420.0
40,0.1,0.01,0.1,3,,0,2933,1467,1466,70,22,1397,1444,4.77,1.5,95.23,98.5,0.7609,0.0477,0.0898,0.015,735.4,480.0
40,0.1,0.01,0.1,4,,0,2933,1467,1466,39,14,1428,1452,2.66,0.95,97.34,99.05,0.7358,0.0266,0.0513,0.0095,644.0,540.0
40,0.1,0.01,0.1,5,,0,2933,1467,1466,28,10,1439,1456,1.91,0.68,98.09,99.32,0.7368,0.0191,0.0372,0.0068,718.9,720.0
